Target name,Filename,DATE-OBS,JD,Filter,EXPTIME,OBSERVER,RA_hours,RA_min,RA_sec,DEC_deg,DEC_min,DEC_sec,RA_hours_decimal,DEC_deg_decimal,Match_sep_arcmin,Cat_RA_hours_decimal,Cat_DEC_deg_decimal
AT2025ozk,183013m211406_20250718_024611_0_hnvstn_l_cal.fit,2025-07-18T02:45:05.56,2460874.614647685,Luminance,50.0,Slooh.com Canary One Half Meter Telescope,18,30,13,-21,14,6,18.503611,-21.235,0.093,18.5035,-21.2351
AT2025ozk,183013m211406_20250718_024734_1_twq2gy_l_cal.fit,2025-07-18T02:46:29.38,2460874.6156178243,Luminance,50.0,Slooh.com Canary One Half Meter Telescope,18,30,13,-21,14,6,18.503611,-21.235,0.093,18.5035,-21.2351
AT2025ozk,183013m211406_20250718_024858_3_6cwuem_l_cal.fit,2025-07-18T02:47:53.56,2460874.6165921297,Luminance,50.0,Slooh.com Canary One Half Meter Telescope,18,30,13,-21,14,6,18.503611,-21.235,0.093,18.5035,-21.2351
AT2025ozk,183013m211406_20250718_025023_4_sugrwv_l_cal.fit,2025-07-18T02:49:17.93,2460874.6175686345,Luminance,50.0,Slooh.com Canary One Half Meter Telescope,18,30,13,-21,14,6,18.503611,-21.235,0.093,18.5035,-21.2351
AT2025ozk,183013m211406_20250718_025147_5_xuzutk_l_cal.fit,2025-07-18T02:50:42.37,2460874.618545949,Luminance,50.0,Slooh.com Canary One Half Meter Telescope,18,30,13,-21,14,6,18.503611,-21.235,0.093,18.5035,-21.2351
AT2025ozk,183013m211406_20250718_025312_6_klf6qt_l_cal.fit,2025-07-18T02:52:07.43,2460874.61953044,Luminance,50.0,Slooh.com Canary One Half Meter Telescope,18,30,13,-21,14,6,18.503611,-21.235,0.093,18.5035,-21.2351
AT2025ozk,183013m211406_20250718_025452_0_v7j9ux_l_cal.fit,2025-07-18T02:53:46.24,2460874.620674074,Luminance,50.0,Slooh.com Canary One Half Meter Telescope,18,30,13,-21,14,6,18.503611,-21.235,0.093,18.5035,-21.2351
AT2025ozk,183013m211406_20250718_025615_1_qf3x6r_l_cal.fit,2025-07-18T02:55:09.95,2460874.6216429397,Luminance,50.0,Slooh.com Canary One Half Meter Telescope,18,30,13,-21,14,6,18.503611,-21.235,0.093,18.5035,-21.2351
AT2025ozk,183013m211406_20250718_025739_3_uhfc2r_l_cal.fit,2025-07-18T02:56:34.56,2460874.622622222,Luminance,50.0,Slooh.com Canary One Half Meter Telescope,18,30,13,-21,14,6,18.503611,-21.235,0.093,18.5035,-21.2351
AT2025ozk,183013m211406_20250718_025904_4_xe7mha_l_cal.fit,2025-07-18T02:57:59.15,2460874.623601273,Luminance,50.0,Slooh.com Canary One Half Meter Telescope,18,30,13,-21,14,6,18.503611,-21.235,0.093,18.5035,-21.2351
AT2025ozk,183013m211406_20250718_030029_5_o3ktmz_l_cal.fit,2025-07-18T02:59:24.06,2460874.6245840276,Luminance,50.0,Slooh.com Canary One Half Meter Telescope,18,30,13,-21,14,6,18.503611,-21.235,0.093,18.5035,-21.2351
AT2025ozk,183013m211406_20250718_030154_6_cypkh4_l_cal.fit,2025-07-18T03:00:48.88,2460874.6255657407,Luminance,50.0,Slooh.com Canary One Half Meter Telescope,18,30,13,-21,14,6,18.503611,-21.235,0.093,18.5035,-21.2351
AT2025ozk,183013m211406_20250718_033551_0_c5qmbu_l_cal.fit,2025-07-18T03:34:45.33,2460874.6491357638,Luminance,50.0,Slooh.com Canary One Half Meter Telescope,18,30,13,-21,14,6,18.503611,-21.235,0.093,18.5035,-21.2351
AT2025ozk,183013m211406_20250718_033715_1_0coufz_l_cal.fit,2025-07-18T03:36:09.69,2460874.6501121526,Luminance,50.0,Slooh.com Canary One Half Meter Telescope,18,30,13,-21,14,6,18.503611,-21.235,0.093,18.5035,-21.2351
AT2025ozk,183013m211406_20250718_033839_3_ecfeyh_l_cal.fit,2025-07-18T03:37:34.05,2460874.651088542,Luminance,50.0,Slooh.com Canary One Half Meter Telescope,18,30,13,-21,14,6,18.503611,-21.235,0.093,18.5035,-21.2351
AT2025ozk,183013m211406_20250718_034004_4_rygfcc_l_cal.fit,2025-07-18T03:38:58.93,2460874.652070949,Luminance,50.0,Slooh.com Canary One Half Meter Telescope,18,30,13,-21,14,6,18.503611,-21.235,0.093,18.5035,-21.2351
AT2025ozk,183013m211406_20250718_034129_5_hnxio0_l_cal.fit,2025-07-18T03:40:23.94,2460874.653054861,Luminance,50.0,Slooh.com Canary One Half Meter Telescope,18,30,13,-21,14,6,18.503611,-21.235,0.093,18.5035,-21.2351
AT2025ozk,183013m211406_20250718_034254_6_kkyom8_l_cal.fit,2025-07-18T03:41:49.27,2460874.654042477,Luminance,50.0,Slooh.com Canary One Half Meter Telescope,18,30,13,-21,14,6,18.503611,-21.235,0.093,18.5035,-21.2351
CD-43_14304,210006m423845_20250826_052720_2_fz2jok_i_cal.fit,2025-08-26T05:26:20.29,2460913.726623727,Ic-Band,45.0,Slooh.com Chile Two Wide-Field Telescope,21,0,6,-42,38,45,21.001667,-42.645833,0.088,21.0018,-42.6458
Gaia21fji,210358p501440_20250805_222112_0_vdaqky_l_cal.fit,2025-08-05T22:20:06.65,2460893.4306325233,Luminance,50.0,Slooh.com Canary One Half Meter Telescope,21,3,58,50,14,40,21.066111,50.244444,0.016,21.066139,50.2445
Gaia21fji,210358p501440_20250805_222231_1_qaqunf_l_cal.fit,2025-08-05T22:21:26.84,2460893.431560648,Luminance,50.0,Slooh.com Canary One Half Meter Telescope,21,3,58,50,14,40,21.066111,50.244444,0.016,21.066139,50.2445
Gaia21fji,210358p501440_20250805_222355_3_cbxt1n_l_cal.fit,2025-08-05T22:22:50.05,2460893.432523727,Luminance,50.0,Slooh.com Canary One Half Meter Telescope,21,3,58,50,14,40,21.066111,50.244444,0.016,21.066139,50.2445
Gaia21fji,210358p501440_20250805_222518_4_3tswb6_l_cal.fit,2025-08-05T22:24:13.60,2460893.4334907406,Luminance,50.0,Slooh.com Canary One Half Meter Telescope,21,3,58,50,14,40,21.066111,50.244444,0.016,21.066139,50.2445
Gaia21fji,210358p501440_20250805_222643_5_wfjtx3_l_cal.fit,2025-08-05T22:25:38.03,2460893.4344679397,Luminance,50.0,Slooh.com Canary One Half Meter Telescope,21,3,58,50,14,40,21.066111,50.244444,0.016,21.066139,50.2445
Gaia21fji,210358p501440_20250805_222808_6_dohyvf_l_cal.fit,2025-08-05T22:27:03.72,2460893.4354597223,Luminance,50.0,Slooh.com Canary One Half Meter Telescope,21,3,58,50,14,40,21.066111,50.244444,0.016,21.066139,50.2445
Gaia21fji,210358p501440_20250805_233020_0_1nlipm_l_cal.fit,2025-08-05T23:29:15.17,2460893.478647801,Luminance,50.0,Slooh.com Canary One Half Meter Telescope,21,3,58,50,14,40,21.066111,50.244444,0.016,21.066139,50.2445
Gaia21fji,210358p501440_20250805_233140_1_sudwpy_l_cal.fit,2025-08-05T23:30:35.63,2460893.479579051,Luminance,50.0,Slooh.com Canary One Half Meter Telescope,21,3,58,50,14,40,21.066111,50.244444,0.016,21.066139,50.2445
Gaia21fji,210358p501440_20250805_233304_3_zardp3_l_cal.fit,2025-08-05T23:31:58.97,2460893.4805436344,Luminance,50.0,Slooh.com Canary One Half Meter Telescope,21,3,58,50,14,40,21.066111,50.244444,0.016,21.066139,50.2445
Gaia21fji,210358p501440_20250805_233428_4_wf1erp_l_cal.fit,2025-08-05T23:33:23.22,2460893.48151875,Luminance,50.0,Slooh.com Canary One Half Meter Telescope,21,3,58,50,14,40,21.066111,50.244444,0.016,21.066139,50.2445
Gaia21fji,210358p501440_20250805_233553_5_qsxbuq_l_cal.fit,2025-08-05T23:34:48.10,2460893.4825011576,Luminance,50.0,Slooh.com Canary One Half Meter Telescope,21,3,58,50,14,40,21.066111,50.244444,0.016,21.066139,50.2445
Gaia21fji,210358p501440_20250805_233719_6_3b9gec_l_cal.fit,2025-08-05T23:36:14.25,2460893.483498264,Luminance,50.0,Slooh.com Canary One Half Meter Telescope,21,3,58,50,14,40,21.066111,50.244444,0.016,21.066139,50.2445
Gaia21fji,210358p501440_20250806_003130_0_2g7feb_l_cal.fit,2025-08-06T00:30:25.01,2460893.521122801,Luminance,50.0,Slooh.com Canary One Half Meter Telescope,21,3,58,50,14,40,21.066111,50.244444,0.016,21.066139,50.2445
Gaia21fji,210358p501440_20250806_003250_1_plhr5q_l_cal.fit,2025-08-06T00:31:45.34,2460893.5220525465,Luminance,50.0,Slooh.com Canary One Half Meter Telescope,21,3,58,50,14,40,21.066111,50.244444,0.016,21.066139,50.2445
Gaia21fji,210358p501440_20250806_003413_3_bzji6b_l_cal.fit,2025-08-06T00:33:08.88,2460893.5230194447,Luminance,50.0,Slooh.com Canary One Half Meter Telescope,21,3,58,50,14,40,21.066111,50.244444,0.016,21.066139,50.2445
Gaia21fji,210358p501440_20250806_003537_4_ilmmvc_l_cal.fit,2025-08-06T00:34:32.57,2460893.523988079,Luminance,50.0,Slooh.com Canary One Half Meter Telescope,21,3,58,50,14,40,21.066111,50.244444,0.016,21.066139,50.2445
Gaia21fji,210358p501440_20250806_003702_5_rwjmzs_l_cal.fit,2025-08-06T00:35:57.20,2460893.5249675927,Luminance,50.0,Slooh.com Canary One Half Meter Telescope,21,3,58,50,14,40,21.066111,50.244444,0.016,21.066139,50.2445
Gaia21fji,210358p501440_20250806_010113_0_l4obmv_l_cal.fit,2025-08-06T01:00:07.89,2460893.541757986,Luminance,50.0,Slooh.com Canary One Half Meter Telescope,21,3,58,50,14,40,21.066111,50.244444,0.016,21.066139,50.2445
Gaia21fji,210358p501440_20250806_010233_1_jyg3oq_l_cal.fit,2025-08-06T01:01:28.20,2460893.5426875,Luminance,50.0,Slooh.com Canary One Half Meter Telescope,21,3,58,50,14,40,21.066111,50.244444,0.016,21.066139,50.2445
Gaia21fji,210358p501440_20250806_010355_3_l5evqw_l_cal.fit,2025-08-06T01:02:50.91,2460893.5436447915,Luminance,50.0,Slooh.com Canary One Half Meter Telescope,21,3,58,50,14,40,21.066111,50.244444,0.016,21.066139,50.2445
Gaia21fji,210358p501440_20250806_010519_4_tca0ja_l_cal.fit,2025-08-06T01:04:14.53,2460893.544612616,Luminance,50.0,Slooh.com Canary One Half Meter Telescope,21,3,58,50,14,40,21.066111,50.244444,0.016,21.066139,50.2445
Gaia21fji,210358p501440_20250806_010643_5_ilu4o8_l_cal.fit,2025-08-06T01:05:38.78,2460893.5455877315,Luminance,50.0,Slooh.com Canary One Half Meter Telescope,21,3,58,50,14,40,21.066111,50.244444,0.016,21.066139,50.2445
Gaia21fji,210358p501440_20250806_010810_6_b5llfy_l_cal.fit,2025-08-06T01:07:05.18,2460893.5465877317,Luminance,50.0,Slooh.com Canary One Half Meter Telescope,21,3,58,50,14,40,21.066111,50.244444,0.016,21.066139,50.2445
Gaia21fji,210358p501440_20250806_020133_0_tk9abz_l_cal.fit,2025-08-06T02:00:27.47,2460893.583651273,Luminance,50.0,Slooh.com Canary One Half Meter Telescope,21,3,58,50,14,40,21.066111,50.244444,0.016,21.066139,50.2445
Gaia21fji,210358p501440_20250806_020252_1_1l0pqv_l_cal.fit,2025-08-06T02:01:47.53,2460893.5845778934,Luminance,50.0,Slooh.com Canary One Half Meter Telescope,21,3,58,50,14,40,21.066111,50.244444,0.016,21.066139,50.2445
Gaia21fji,210358p501440_20250806_020415_3_64oqqp_l_cal.fit,2025-08-06T02:03:10.09,2460893.585533449,Luminance,50.0,Slooh.com Canary One Half Meter Telescope,21,3,58,50,14,40,21.066111,50.244444,0.016,21.066139,50.2445
Gaia21fji,210358p501440_20250806_020538_4_uoqmni_l_cal.fit,2025-08-06T02:04:33.78,2460893.586502083,Luminance,50.0,Slooh.com Canary One Half Meter Telescope,21,3,58,50,14,40,21.066111,50.244444,0.016,21.066139,50.2445
Gaia21fji,210358p501440_20250806_020702_5_i1iu1e_l_cal.fit,2025-08-06T02:05:57.86,2460893.5874752314,Luminance,50.0,Slooh.com Canary One Half Meter Telescope,21,3,58,50,14,40,21.066111,50.244444,0.016,21.066139,50.2445
Gaia21fji,210358p501440_20250806_222050_0_mbbv4e_l_cal.fit,2025-08-06T22:19:44.31,2460894.4303739583,Luminance,50.0,Slooh.com Canary One Half Meter Telescope,21,3,58,50,14,40,21.066111,50.244444,0.016,21.066139,50.2445
Gaia21fji,210358p501440_20250806_222210_1_wy5wti_l_cal.fit,2025-08-06T22:21:05.48,2460894.431313426,Luminance,50.0,Slooh.com Canary One Half Meter Telescope,21,3,58,50,14,40,21.066111,50.244444,0.016,21.066139,50.2445
Gaia21fji,210358p501440_20250806_222334_3_5bsbxh_l_cal.fit,2025-08-06T22:22:29.60,2460894.432287037,Luminance,50.0,Slooh.com Canary One Half Meter Telescope,21,3,58,50,14,40,21.066111,50.244444,0.016,21.066139,50.2445
Gaia21fji,210358p501440_20250806_222458_4_gbckdq_l_cal.fit,2025-08-06T22:23:53.69,2460894.433260301,Luminance,50.0,Slooh.com Canary One Half Meter Telescope,21,3,58,50,14,40,21.066111,50.244444,0.016,21.066139,50.2445
Gaia21fji,210358p501440_20250806_222622_5_rnum0b_l_cal.fit,2025-08-06T22:25:17.88,2460894.434234722,Luminance,50.0,Slooh.com Canary One Half Meter Telescope,21,3,58,50,14,40,21.066111,50.244444,0.016,21.066139,50.2445
Gaia21fji,210358p501440_20250806_222747_6_qc5ygg_l_cal.fit,2025-08-06T22:26:42.24,2460894.4352111113,Luminance,50.0,Slooh.com Canary One Half Meter Telescope,21,3,58,50,14,40,21.066111,50.244444,0.016,21.066139,50.2445
Gaia21fji,210358p501440_20250806_233041_0_bqxwha_l_cal.fit,2025-08-06T23:29:35.53,2460894.478883449,Luminance,50.0,Slooh.com Canary One Half Meter Telescope,21,3,58,50,14,40,21.066111,50.244444,0.016,21.066139,50.2445
Gaia21fji,210358p501440_20250806_233201_1_iqp4rf_l_cal.fit,2025-08-06T23:30:56.28,2460894.4798180554,Luminance,50.0,Slooh.com Canary One Half Meter Telescope,21,3,58,50,14,40,21.066111,50.244444,0.016,21.066139,50.2445
Gaia21fji,210358p501440_20250806_233324_3_unask7_l_cal.fit,2025-08-06T23:32:19.70,2460894.480783565,Luminance,50.0,Slooh.com Canary One Half Meter Telescope,21,3,58,50,14,40,21.066111,50.244444,0.016,21.066139,50.2445
Gaia21fji,210358p501440_20250806_233449_4_op5rgl_l_cal.fit,2025-08-06T23:33:44.15,2460894.4817609955,Luminance,50.0,Slooh.com Canary One Half Meter Telescope,21,3,58,50,14,40,21.066111,50.244444,0.016,21.066139,50.2445
Gaia21fji,210358p501440_20250806_233614_5_0xp64k_l_cal.fit,2025-08-06T23:35:09.22,2460894.482745602,Luminance,50.0,Slooh.com Canary One Half Meter Telescope,21,3,58,50,14,40,21.066111,50.244444,0.016,21.066139,50.2445
Gaia21fji,210358p501440_20250806_233740_6_12teog_l_cal.fit,2025-08-06T23:36:34.95,2460894.4837378473,Luminance,50.0,Slooh.com Canary One Half Meter Telescope,21,3,58,50,14,40,21.066111,50.244444,0.016,21.066139,50.2445
Gaia21fji,210358p501440_20250806_235018_0_euegwi_l_cal.fit,2025-08-06T23:49:12.96,2460894.4925111113,Luminance,50.0,Slooh.com Canary One Half Meter Telescope,21,3,58,50,14,40,21.066111,50.244444,0.016,21.066139,50.2445
Gaia21fji,210358p501440_20250806_235138_1_y4sl9h_l_cal.fit,2025-08-06T23:50:33.26,2460894.4934405093,Luminance,50.0,Slooh.com Canary One Half Meter Telescope,21,3,58,50,14,40,21.066111,50.244444,0.016,21.066139,50.2445
Gaia21fji,210358p501440_20250806_235301_3_rkxguy_l_cal.fit,2025-08-06T23:51:56.78,2460894.494407176,Luminance,50.0,Slooh.com Canary One Half Meter Telescope,21,3,58,50,14,40,21.066111,50.244444,0.016,21.066139,50.2445
Gaia21fji,210358p501440_20250806_235426_4_lxggor_l_cal.fit,2025-08-06T23:53:21.26,2460894.495384954,Luminance,50.0,Slooh.com Canary One Half Meter Telescope,21,3,58,50,14,40,21.066111,50.244444,0.016,21.066139,50.2445
Gaia21fji,210358p501440_20250806_235551_5_oyyqj8_l_cal.fit,2025-08-06T23:54:46.33,2460894.4963695602,Luminance,50.0,Slooh.com Canary One Half Meter Telescope,21,3,58,50,14,40,21.066111,50.244444,0.016,21.066139,50.2445
Gaia21fji,210358p501440_20250806_235717_6_qpqvno_l_cal.fit,2025-08-06T23:56:12.52,2460894.4973671297,Luminance,50.0,Slooh.com Canary One Half Meter Telescope,21,3,58,50,14,40,21.066111,50.244444,0.016,21.066139,50.2445
Gaia21fji,210358p501440_20250807_001111_0_iw8fmw_l_cal.fit,2025-08-07T00:10:05.98,2460894.5070136576,Luminance,50.0,Slooh.com Canary One Half Meter Telescope,21,3,58,50,14,40,21.066111,50.244444,0.016,21.066139,50.2445
Gaia21fji,210358p501440_20250807_001231_1_li5jji_l_cal.fit,2025-08-07T00:11:26.03,2460894.507940162,Luminance,50.0,Slooh.com Canary One Half Meter Telescope,21,3,58,50,14,40,21.066111,50.244444,0.016,21.066139,50.2445
Gaia21fji,210358p501440_20250807_001354_3_dlny2e_l_cal.fit,2025-08-07T00:12:49.53,2460894.5089065973,Luminance,50.0,Slooh.com Canary One Half Meter Telescope,21,3,58,50,14,40,21.066111,50.244444,0.016,21.066139,50.2445
Gaia21fji,210358p501440_20250807_001518_4_bnk2rs_l_cal.fit,2025-08-07T00:14:13.23,2460894.5098753474,Luminance,50.0,Slooh.com Canary One Half Meter Telescope,21,3,58,50,14,40,21.066111,50.244444,0.016,21.066139,50.2445
Gaia21fji,210358p501440_20250807_001641_5_c00jhx_l_cal.fit,2025-08-07T00:15:36.90,2460894.51084375,Luminance,50.0,Slooh.com Canary One Half Meter Telescope,21,3,58,50,14,40,21.066111,50.244444,0.016,21.066139,50.2445
Gaia21fji,210358p501440_20250807_001806_6_sllu2z_l_cal.fit,2025-08-07T00:17:01.09,2460894.5118181715,Luminance,50.0,Slooh.com Canary One Half Meter Telescope,21,3,58,50,14,40,21.066111,50.244444,0.016,21.066139,50.2445
Gaia21fji,210358p501440_20250811_014608_0_xbeo0b_l_cal.fit,2025-08-11T01:45:02.73,2460898.572948264,Luminance,50.0,Slooh.com Canary One Half Meter Telescope,21,3,58,50,14,40,21.066111,50.244444,0.016,21.066139,50.2445
Gaia21fji,210358p501440_20250811_014728_1_zh2hx7_l_cal.fit,2025-08-11T01:46:23.91,2460898.5738878474,Luminance,50.0,Slooh.com Canary One Half Meter Telescope,21,3,58,50,14,40,21.066111,50.244444,0.016,21.066139,50.2445
Gaia21fji,210358p501440_20250811_014851_3_rc6irs_l_cal.fit,2025-08-11T01:47:46.11,2460898.574839236,Luminance,50.0,Slooh.com Canary One Half Meter Telescope,21,3,58,50,14,40,21.066111,50.244444,0.016,21.066139,50.2445
Gaia21fji,210358p501440_20250811_015014_4_8tlksj_l_cal.fit,2025-08-11T01:49:09.17,2460898.5758005786,Luminance,50.0,Slooh.com Canary One Half Meter Telescope,21,3,58,50,14,40,21.066111,50.244444,0.016,21.066139,50.2445
Gaia21fji,210358p501440_20250811_015137_5_wp0xmj_l_cal.fit,2025-08-11T01:50:32.78,2460898.576768287,Luminance,50.0,Slooh.com Canary One Half Meter Telescope,21,3,58,50,14,40,21.066111,50.244444,0.016,21.066139,50.2445
Gaia21fji,210358p501440_20250811_015302_6_w6hggu_l_cal.fit,2025-08-11T01:51:57.19,2460898.5777452546,Luminance,50.0,Slooh.com Canary One Half Meter Telescope,21,3,58,50,14,40,21.066111,50.244444,0.016,21.066139,50.2445
Gaia21fji,210358p501440_20250811_022605_0_wl8wrs_l_cal.fit,2025-08-11T02:24:59.65,2460898.6006903937,Luminance,50.0,Slooh.com Canary One Half Meter Telescope,21,3,58,50,14,40,21.066111,50.244444,0.016,21.066139,50.2445
Gaia21fji,210358p501440_20250811_022723_1_8ukpks_l_cal.fit,2025-08-11T02:26:18.56,2460898.6016037036,Luminance,50.0,Slooh.com Canary One Half Meter Telescope,21,3,58,50,14,40,21.066111,50.244444,0.016,21.066139,50.2445
Gaia21fji,210358p501440_20250811_022843_3_sxramd_l_cal.fit,2025-08-11T02:27:38.93,2460898.602533912,Luminance,50.0,Slooh.com Canary One Half Meter Telescope,21,3,58,50,14,40,21.066111,50.244444,0.016,21.066139,50.2445
Gaia21fji,210358p501440_20250811_023005_4_y3rtty_l_cal.fit,2025-08-11T02:29:00.62,2460898.603479398,Luminance,50.0,Slooh.com Canary One Half Meter Telescope,21,3,58,50,14,40,21.066111,50.244444,0.016,21.066139,50.2445
Gaia21fji,210358p501440_20250811_023128_5_77nkh0_l_cal.fit,2025-08-11T02:30:23.07,2460898.6044336804,Luminance,50.0,Slooh.com Canary One Half Meter Telescope,21,3,58,50,14,40,21.066111,50.244444,0.016,21.066139,50.2445
Gaia21fji,210358p501440_20250811_023251_6_zwvxle_l_cal.fit,2025-08-11T02:31:46.57,2460898.6054001157,Luminance,50.0,Slooh.com Canary One Half Meter Telescope,21,3,58,50,14,40,21.066111,50.244444,0.016,21.066139,50.2445
Gaia21fji,210358p501440_20250811_023504_0_tt3v9r_l_cal.fit,2025-08-11T02:33:58.87,2460898.6069313656,Luminance,50.0,Slooh.com Canary One Half Meter Telescope,21,3,58,50,14,40,21.066111,50.244444,0.016,21.066139,50.2445
Gaia21fji,210358p501440_20250811_023623_1_wbhutb_l_cal.fit,2025-08-11T02:35:18.88,2460898.6078574075,Luminance,50.0,Slooh.com Canary One Half Meter Telescope,21,3,58,50,14,40,21.066111,50.244444,0.016,21.066139,50.2445
Gaia21fji,210358p501440_20250811_023744_3_z2imbh_l_cal.fit,2025-08-11T02:36:39.32,2460898.608788426,Luminance,50.0,Slooh.com Canary One Half Meter Telescope,21,3,58,50,14,40,21.066111,50.244444,0.016,21.066139,50.2445
Gaia21fji,210358p501440_20250811_023905_4_wzfehs_l_cal.fit,2025-08-11T02:38:00.80,2460898.6097314814,Luminance,50.0,Slooh.com Canary One Half Meter Telescope,21,3,58,50,14,40,21.066111,50.244444,0.016,21.066139,50.2445
Gaia21fji,210358p501440_20250811_024028_5_syzo08_l_cal.fit,2025-08-11T02:39:22.94,2460898.610682176,Luminance,50.0,Slooh.com Canary One Half Meter Telescope,21,3,58,50,14,40,21.066111,50.244444,0.016,21.066139,50.2445
Gaia21fji,210358p501440_20250811_024151_6_wzucfn_l_cal.fit,2025-08-11T02:40:46.18,2460898.6116456017,Luminance,50.0,Slooh.com Canary One Half Meter Telescope,21,3,58,50,14,40,21.066111,50.244444,0.016,21.066139,50.2445
Gaia21fji,210358p501440_20250813_014507_0_fkmggj_l_cal.fit,2025-08-13T01:44:02.34,2460900.5722493054,Luminance,50.0,Slooh.com Canary One Half Meter Telescope,21,3,58,50,14,40,21.066111,50.244444,0.016,21.066139,50.2445
Gaia21fji,210358p501440_20250813_014627_1_t98ti4_l_cal.fit,2025-08-13T01:45:22.90,2460900.573181713,Luminance,50.0,Slooh.com Canary One Half Meter Telescope,21,3,58,50,14,40,21.066111,50.244444,0.016,21.066139,50.2445
Gaia21fji,210358p501440_20250813_014750_3_srywii_l_cal.fit,2025-08-13T01:46:45.82,2460900.5741414353,Luminance,50.0,Slooh.com Canary One Half Meter Telescope,21,3,58,50,14,40,21.066111,50.244444,0.016,21.066139,50.2445
Gaia21fji,210358p501440_20250813_014914_4_3dveuw_l_cal.fit,2025-08-13T01:48:09.84,2460900.575113889,Luminance,50.0,Slooh.com Canary One Half Meter Telescope,21,3,58,50,14,40,21.066111,50.244444,0.016,21.066139,50.2445
Gaia21fji,210358p501440_20250813_015039_5_f3e0fw_l_cal.fit,2025-08-13T01:49:34.09,2460900.5760890045,Luminance,50.0,Slooh.com Canary One Half Meter Telescope,21,3,58,50,14,40,21.066111,50.244444,0.016,21.066139,50.2445
Gaia21fji,210358p501440_20250813_015204_6_vxqwyk_l_cal.fit,2025-08-13T01:50:59.34,2460900.577075694,Luminance,50.0,Slooh.com Canary One Half Meter Telescope,21,3,58,50,14,40,21.066111,50.244444,0.016,21.066139,50.2445
Gaia21fji,210358p501440_20250813_015459_0_llpyww_l_cal.fit,2025-08-13T01:53:54.28,2460900.579100463,Luminance,50.0,Slooh.com Canary One Half Meter Telescope,21,3,58,50,14,40,21.066111,50.244444,0.016,21.066139,50.2445
Gaia21fji,210358p501440_20250813_015619_1_m4elfh_l_cal.fit,2025-08-13T01:55:15.03,2460900.5800350695,Luminance,50.0,Slooh.com Canary One Half Meter Telescope,21,3,58,50,14,40,21.066111,50.244444,0.016,21.066139,50.2445
Gaia21fji,210358p501440_20250813_015742_3_ufr924_l_cal.fit,2025-08-13T01:56:37.89,2460900.580994097,Luminance,50.0,Slooh.com Canary One Half Meter Telescope,21,3,58,50,14,40,21.066111,50.244444,0.016,21.066139,50.2445
Gaia21fji,210358p501440_20250813_015906_4_7mqgis_l_cal.fit,2025-08-13T01:58:01.60,2460900.581962963,Luminance,50.0,Slooh.com Canary One Half Meter Telescope,21,3,58,50,14,40,21.066111,50.244444,0.016,21.066139,50.2445
Gaia21fji,210358p501440_20250813_020030_5_rttvgv_l_cal.fit,2025-08-13T01:59:25.96,2460900.582939352,Luminance,50.0,Slooh.com Canary One Half Meter Telescope,21,3,58,50,14,40,21.066111,50.244444,0.016,21.066139,50.2445
Gaia21fji,210358p501440_20250813_020156_6_szznul_l_cal.fit,2025-08-13T02:00:51.22,2460900.5839261576,Luminance,50.0,Slooh.com Canary One Half Meter Telescope,21,3,58,50,14,40,21.066111,50.244444,0.016,21.066139,50.2445
Gaia21fji,210358p501440_20250813_020502_0_efhtfl_l_cal.fit,2025-08-13T02:03:56.96,2460900.5860759257,Luminance,50.0,Slooh.com Canary One Half Meter Telescope,21,3,58,50,14,40,21.066111,50.244444,0.016,21.066139,50.2445
Gaia21fji,210358p501440_20250813_020620_1_6qwipf_l_cal.fit,2025-08-13T02:05:15.72,2460900.5869875,Luminance,50.0,Slooh.com Canary One Half Meter Telescope,21,3,58,50,14,40,21.066111,50.244444,0.016,21.066139,50.2445
Gaia21fji,210358p501440_20250813_020741_3_apquos_l_cal.fit,2025-08-13T02:06:36.21,2460900.5879190974,Luminance,50.0,Slooh.com Canary One Half Meter Telescope,21,3,58,50,14,40,21.066111,50.244444,0.016,21.066139,50.2445
Gaia21fji,210358p501440_20250813_020902_4_tdiy7d_l_cal.fit,2025-08-13T02:07:57.64,2460900.588861574,Luminance,50.0,Slooh.com Canary One Half Meter Telescope,21,3,58,50,14,40,21.066111,50.244444,0.016,21.066139,50.2445
Gaia21fji,210358p501440_20250813_021024_5_r9zuk9_l_cal.fit,2025-08-13T02:09:19.97,2460900.5898144674,Luminance,50.0,Slooh.com Canary One Half Meter Telescope,21,3,58,50,14,40,21.066111,50.244444,0.016,21.066139,50.2445
Gaia21fji,210358p501440_20250813_021148_6_poiy7b_l_cal.fit,2025-08-13T02:10:43.09,2460900.5907765045,Luminance,50.0,Slooh.com Canary One Half Meter Telescope,21,3,58,50,14,40,21.066111,50.244444,0.016,21.066139,50.2445
Gaia21fji,210358p501440_20250813_021311_7_vedmdo_l_cal.fit,2025-08-13T02:12:06.83,2460900.5917457175,Luminance,50.0,Slooh.com Canary One Half Meter Telescope,21,3,58,50,14,40,21.066111,50.244444,0.016,21.066139,50.2445
Gaia21fji,210358p501440_20250813_021458_0_7ztdnw_l_cal.fit,2025-08-13T02:13:52.97,2460900.5929741897,Luminance,50.0,Slooh.com Canary One Half Meter Telescope,21,3,58,50,14,40,21.066111,50.244444,0.016,21.066139,50.2445
Gaia21fji,210358p501440_20250813_021617_1_imozqn_l_cal.fit,2025-08-13T02:15:12.53,2460900.593895023,Luminance,50.0,Slooh.com Canary One Half Meter Telescope,21,3,58,50,14,40,21.066111,50.244444,0.016,21.066139,50.2445
Gaia21fji,210358p501440_20250813_021739_3_k6dgxc_l_cal.fit,2025-08-13T02:16:34.42,2460900.594842824,Luminance,50.0,Slooh.com Canary One Half Meter Telescope,21,3,58,50,14,40,21.066111,50.244444,0.016,21.066139,50.2445
Gaia21fji,210358p501440_20250813_021902_4_0qt3ye_l_cal.fit,2025-08-13T02:17:57.28,2460900.5958018517,Luminance,50.0,Slooh.com Canary One Half Meter Telescope,21,3,58,50,14,40,21.066111,50.244444,0.016,21.066139,50.2445
Gaia21fji,210358p501440_20250813_022025_5_tyalbx_l_cal.fit,2025-08-13T02:19:20.78,2460900.596768287,Luminance,50.0,Slooh.com Canary One Half Meter Telescope,21,3,58,50,14,40,21.066111,50.244444,0.016,21.066139,50.2445
Gaia21fji,210358p501440_20250813_022149_6_0ircyk_l_cal.fit,2025-08-13T02:20:44.95,2460900.597742477,Luminance,50.0,Slooh.com Canary One Half Meter Telescope,21,3,58,50,14,40,21.066111,50.244444,0.016,21.066139,50.2445
Gaia21fji,210358p501440_20250813_022314_7_lrah6n_l_cal.fit,2025-08-13T02:22:09.97,2460900.5987265045,Luminance,50.0,Slooh.com Canary One Half Meter Telescope,21,3,58,50,14,40,21.066111,50.244444,0.016,21.066139,50.2445
Gaia21fji,210358p501440_20250813_043502_0_m8h15j_l_cal.fit,2025-08-13T04:33:57.31,2460900.6902466435,Luminance,50.0,Slooh.com Canary One Half Meter Telescope,21,3,58,50,14,40,21.066111,50.244444,0.016,21.066139,50.2445
Gaia21fji,210358p501440_20250813_043622_1_ipubxq_l_cal.fit,2025-08-13T04:35:17.85,2460900.6911788196,Luminance,50.0,Slooh.com Canary One Half Meter Telescope,21,3,58,50,14,40,21.066111,50.244444,0.016,21.066139,50.2445
Gaia21fji,210358p501440_20250813_043745_3_tgbs6v_l_cal.fit,2025-08-13T04:36:40.81,2460900.692139005,Luminance,50.0,Slooh.com Canary One Half Meter Telescope,21,3,58,50,14,40,21.066111,50.244444,0.016,21.066139,50.2445
Gaia21fji,210358p501440_20250813_043909_4_sxevl3_l_cal.fit,2025-08-13T04:38:04.35,2460900.693105903,Luminance,50.0,Slooh.com Canary One Half Meter Telescope,21,3,58,50,14,40,21.066111,50.244444,0.016,21.066139,50.2445
Gaia21fji,210358p501440_20250813_044033_5_88polj_l_cal.fit,2025-08-13T04:39:28.68,2460900.6940819444,Luminance,50.0,Slooh.com Canary One Half Meter Telescope,21,3,58,50,14,40,21.066111,50.244444,0.016,21.066139,50.2445
Gaia21fji,210358p501440_20250813_044159_6_ajbsmj_l_cal.fit,2025-08-13T04:40:54.04,2460900.6950699072,Luminance,50.0,Slooh.com Canary One Half Meter Telescope,21,3,58,50,14,40,21.066111,50.244444,0.016,21.066139,50.2445
Gaia21fji,210358p501440_20250818_003003_0_3anud8_l_cal.fit,2025-08-18T00:29:02.35,2460905.520166088,Luminance,50.0,Slooh.com Canary One Half Meter Telescope,21,3,58,50,14,40,21.066111,50.244444,0.016,21.066139,50.2445
Gaia21fji,210358p501440_20250818_003117_1_jkoppr_l_cal.fit,2025-08-18T00:30:17.57,2460905.5210366896,Luminance,50.0,Slooh.com Canary One Half Meter Telescope,21,3,58,50,14,40,21.066111,50.244444,0.016,21.066139,50.2445
Gaia21fji,210358p501440_20250818_003236_3_rgmtce_l_cal.fit,2025-08-18T00:31:36.41,2460905.5219491897,Luminance,50.0,Slooh.com Canary One Half Meter Telescope,21,3,58,50,14,40,21.066111,50.244444,0.016,21.066139,50.2445
Gaia21fji,210358p501440_20250818_003356_4_1vfbzd_l_cal.fit,2025-08-18T00:32:56.12,2460905.5228717593,Luminance,50.0,Slooh.com Canary One Half Meter Telescope,21,3,58,50,14,40,21.066111,50.244444,0.016,21.066139,50.2445
Gaia21fji,210358p501440_20250818_003516_5_jr7oha_l_cal.fit,2025-08-18T00:34:16.35,2460905.523800347,Luminance,50.0,Slooh.com Canary One Half Meter Telescope,21,3,58,50,14,40,21.066111,50.244444,0.016,21.066139,50.2445
Gaia21fji,210358p501440_20250818_003638_6_phy8td_l_cal.fit,2025-08-18T00:35:37.98,2460905.524745139,Luminance,50.0,Slooh.com Canary One Half Meter Telescope,21,3,58,50,14,40,21.066111,50.244444,0.016,21.066139,50.2445
Gaia21fji,210358p501440_20250818_003759_7_h0blaw_l_cal.fit,2025-08-18T00:36:59.68,2460905.525690741,Luminance,50.0,Slooh.com Canary One Half Meter Telescope,21,3,58,50,14,40,21.066111,50.244444,0.016,21.066139,50.2445
Gaia21fji,210358p501440_20250821_011627_0_ea7imv_l_cal.fit,2025-08-21T01:15:26.22,2460908.5523868054,Luminance,50.0,Slooh.com Canary One Half Meter Telescope,21,3,58,50,14,40,21.066111,50.244444,0.016,21.066139,50.2445
Gaia21fji,210358p501440_20250821_011742_1_fnt0dz_l_cal.fit,2025-08-21T01:16:41.41,2460908.5532570602,Luminance,50.0,Slooh.com Canary One Half Meter Telescope,21,3,58,50,14,40,21.066111,50.244444,0.016,21.066139,50.2445
Gaia21fji,210358p501440_20250821_011903_3_uwa6mc_l_cal.fit,2025-08-21T01:18:03.04,2460908.554201852,Luminance,50.0,Slooh.com Canary One Half Meter Telescope,21,3,58,50,14,40,21.066111,50.244444,0.016,21.066139,50.2445
Gaia21fji,210358p501440_20250821_012022_4_dbyqex_l_cal.fit,2025-08-21T01:19:22.55,2460908.5551221063,Luminance,50.0,Slooh.com Canary One Half Meter Telescope,21,3,58,50,14,40,21.066111,50.244444,0.016,21.066139,50.2445
Gaia21fji,210358p501440_20250821_012142_5_s1kj1k_l_cal.fit,2025-08-21T01:20:41.86,2460908.5560400463,Luminance,50.0,Slooh.com Canary One Half Meter Telescope,21,3,58,50,14,40,21.066111,50.244444,0.016,21.066139,50.2445
Gaia21fji,210358p501440_20250821_012301_6_hjaacd_l_cal.fit,2025-08-21T01:22:01.12,2460908.5569574074,Luminance,50.0,Slooh.com Canary One Half Meter Telescope,21,3,58,50,14,40,21.066111,50.244444,0.016,21.066139,50.2445
Gaia21fji,210358p501440_20250821_012500_0_pitzht_l_cal.fit,2025-08-21T01:24:00.13,2460908.558334838,Luminance,50.0,Slooh.com Canary One Half Meter Telescope,21,3,58,50,14,40,21.066111,50.244444,0.016,21.066139,50.2445
Gaia21fji,210358p501440_20250821_012615_1_0xxm62_l_cal.fit,2025-08-21T01:25:15.12,2460908.5592027777,Luminance,50.0,Slooh.com Canary One Half Meter Telescope,21,3,58,50,14,40,21.066111,50.244444,0.016,21.066139,50.2445
Gaia21fji,210358p501440_20250821_012734_3_dbdqxr_l_cal.fit,2025-08-21T01:26:33.85,2460908.5601140046,Luminance,50.0,Slooh.com Canary One Half Meter Telescope,21,3,58,50,14,40,21.066111,50.244444,0.016,21.066139,50.2445
Gaia21fji,210358p501440_20250821_012853_4_uuann4_l_cal.fit,2025-08-21T01:27:53.23,2460908.561032755,Luminance,50.0,Slooh.com Canary One Half Meter Telescope,21,3,58,50,14,40,21.066111,50.244444,0.016,21.066139,50.2445
Gaia21fji,210358p501440_20250821_013013_5_yo2s2s_l_cal.fit,2025-08-21T01:29:13.37,2460908.561960301,Luminance,50.0,Slooh.com Canary One Half Meter Telescope,21,3,58,50,14,40,21.066111,50.244444,0.016,21.066139,50.2445
Gaia21fji,210358p501440_20250821_013134_6_u1vfg0_l_cal.fit,2025-08-21T01:30:34.63,2460908.56290081,Luminance,50.0,Slooh.com Canary One Half Meter Telescope,21,3,58,50,14,40,21.066111,50.244444,0.016,21.066139,50.2445
Gaia21fji,210358p501440_20250821_013256_7_todynl_l_cal.fit,2025-08-21T01:31:56.35,2460908.5638466435,Luminance,50.0,Slooh.com Canary One Half Meter Telescope,21,3,58,50,14,40,21.066111,50.244444,0.016,21.066139,50.2445
Gaia21fji,210358p501440_20250821_013453_0_bneddu_l_cal.fit,2025-08-21T01:33:52.73,2460908.5651936345,Luminance,50.0,Slooh.com Canary One Half Meter Telescope,21,3,58,50,14,40,21.066111,50.244444,0.016,21.066139,50.2445
Gaia21fji,210358p501440_20250821_013607_1_1ilrvp_l_cal.fit,2025-08-21T01:35:07.60,2460908.566060185,Luminance,50.0,Slooh.com Canary One Half Meter Telescope,21,3,58,50,14,40,21.066111,50.244444,0.016,21.066139,50.2445
Gaia21fji,210358p501440_20250821_013726_3_m3qmcg_l_cal.fit,2025-08-21T01:36:26.30,2460908.566971065,Luminance,50.0,Slooh.com Canary One Half Meter Telescope,21,3,58,50,14,40,21.066111,50.244444,0.016,21.066139,50.2445
Gaia21fji,210358p501440_20250821_013845_4_dly83q_l_cal.fit,2025-08-21T01:37:45.55,2460908.56788831,Luminance,50.0,Slooh.com Canary One Half Meter Telescope,21,3,58,50,14,40,21.066111,50.244444,0.016,21.066139,50.2445
Gaia21fji,210358p501440_20250821_014005_5_i5jryp_l_cal.fit,2025-08-21T01:39:05.54,2460908.5688141203,Luminance,50.0,Slooh.com Canary One Half Meter Telescope,21,3,58,50,14,40,21.066111,50.244444,0.016,21.066139,50.2445
Gaia21fji,210358p501440_20250821_014126_6_qzol4c_l_cal.fit,2025-08-21T01:40:26.41,2460908.5697501157,Luminance,50.0,Slooh.com Canary One Half Meter Telescope,21,3,58,50,14,40,21.066111,50.244444,0.016,21.066139,50.2445
Gaia21fji,210358p501440_20250821_014248_7_jlnnxd_l_cal.fit,2025-08-21T01:41:47.99,2460908.5706943288,Luminance,50.0,Slooh.com Canary One Half Meter Telescope,21,3,58,50,14,40,21.066111,50.244444,0.016,21.066139,50.2445
Gaia21fji,210358p501440_20250821_031456_0_jfqo0a_l_cal.fit,2025-08-21T03:13:56.35,2460908.634679977,Luminance,50.0,Slooh.com Canary One Half Meter Telescope,21,3,58,50,14,40,21.066111,50.244444,0.016,21.066139,50.2445
Gaia21fji,210358p501440_20250821_031610_1_h6vh6t_l_cal.fit,2025-08-21T03:15:10.82,2460908.635541898,Luminance,50.0,Slooh.com Canary One Half Meter Telescope,21,3,58,50,14,40,21.066111,50.244444,0.016,21.066139,50.2445
Gaia21fji,210358p501440_20250821_031729_3_sdny6a_l_cal.fit,2025-08-21T03:16:29.24,2460908.6364495372,Luminance,50.0,Slooh.com Canary One Half Meter Telescope,21,3,58,50,14,40,21.066111,50.244444,0.016,21.066139,50.2445
Gaia21fji,210358p501440_20250821_031848_4_hkhd7r_l_cal.fit,2025-08-21T03:17:48.45,2460908.6373663195,Luminance,50.0,Slooh.com Canary One Half Meter Telescope,21,3,58,50,14,40,21.066111,50.244444,0.016,21.066139,50.2445
Gaia21fji,210358p501440_20250821_032008_5_ej2jap_l_cal.fit,2025-08-21T03:19:08.24,2460908.638289815,Luminance,50.0,Slooh.com Canary One Half Meter Telescope,21,3,58,50,14,40,21.066111,50.244444,0.016,21.066139,50.2445
Gaia21fji,210358p501440_20250821_032129_6_kgxvk0_l_cal.fit,2025-08-21T03:20:29.12,2460908.639225926,Luminance,50.0,Slooh.com Canary One Half Meter Telescope,21,3,58,50,14,40,21.066111,50.244444,0.016,21.066139,50.2445
Gaia21fji,210358p501440_20250821_032250_7_0qkzi3_l_cal.fit,2025-08-21T03:21:50.39,2460908.640166551,Luminance,50.0,Slooh.com Canary One Half Meter Telescope,21,3,58,50,14,40,21.066111,50.244444,0.016,21.066139,50.2445
Gaia21fji,210358p501440_20250822_020542_0_5e7jh2_l_cal.fit,2025-08-22T02:04:41.68,2460909.5865935185,Luminance,50.0,Slooh.com Canary One Half Meter Telescope,21,3,58,50,14,40,21.066111,50.244444,0.016,21.066139,50.2445
Gaia21fji,210358p501440_20250822_020657_1_fg7knj_l_cal.fit,2025-08-22T02:05:57.12,2460909.5874666665,Luminance,50.0,Slooh.com Canary One Half Meter Telescope,21,3,58,50,14,40,21.066111,50.244444,0.016,21.066139,50.2445
Gaia21fji,210358p501440_20250822_020817_3_nzqkxp_l_cal.fit,2025-08-22T02:07:16.74,2460909.5883881943,Luminance,50.0,Slooh.com Canary One Half Meter Telescope,21,3,58,50,14,40,21.066111,50.244444,0.016,21.066139,50.2445
Gaia21fji,210358p501440_20250822_020937_4_1n1qki_l_cal.fit,2025-08-22T02:08:37.20,2460909.5893194443,Luminance,50.0,Slooh.com Canary One Half Meter Telescope,21,3,58,50,14,40,21.066111,50.244444,0.016,21.066139,50.2445
Gaia21fji,210358p501440_20250822_021058_5_y4y84s_l_cal.fit,2025-08-22T02:09:58.43,2460909.5902596065,Luminance,50.0,Slooh.com Canary One Half Meter Telescope,21,3,58,50,14,40,21.066111,50.244444,0.016,21.066139,50.2445
Gaia21fji,210358p501440_20250822_021220_6_1xp3l1_l_cal.fit,2025-08-22T02:11:20.32,2460909.5912074074,Luminance,50.0,Slooh.com Canary One Half Meter Telescope,21,3,58,50,14,40,21.066111,50.244444,0.016,21.066139,50.2445
Gaia21fji,210358p501440_20250822_031558_0_q65qgm_l_cal.fit,2025-08-22T03:14:57.02,2460909.635382176,Luminance,50.0,Slooh.com Canary One Half Meter Telescope,21,3,58,50,14,40,21.066111,50.244444,0.016,21.066139,50.2445
Gaia21fji,210358p501440_20250822_031712_1_kqotkq_l_cal.fit,2025-08-22T03:16:12.19,2460909.6362521993,Luminance,50.0,Slooh.com Canary One Half Meter Telescope,21,3,58,50,14,40,21.066111,50.244444,0.016,21.066139,50.2445
Gaia21fji,210358p501440_20250822_031832_3_r1srjg_l_cal.fit,2025-08-22T03:17:31.52,2460909.63717037,Luminance,50.0,Slooh.com Canary One Half Meter Telescope,21,3,58,50,14,40,21.066111,50.244444,0.016,21.066139,50.2445
Gaia21fji,210358p501440_20250822_031952_4_cnfgf2_l_cal.fit,2025-08-22T03:18:51.89,2460909.638100579,Luminance,50.0,Slooh.com Canary One Half Meter Telescope,21,3,58,50,14,40,21.066111,50.244444,0.016,21.066139,50.2445
Gaia21fji,210358p501440_20250822_032113_5_gu4ghm_l_cal.fit,2025-08-22T03:20:12.97,2460909.6390390047,Luminance,50.0,Slooh.com Canary One Half Meter Telescope,21,3,58,50,14,40,21.066111,50.244444,0.016,21.066139,50.2445
Gaia21fji,210358p501440_20250822_032235_6_yi7but_l_cal.fit,2025-08-22T03:21:35.07,2460909.639989236,Luminance,50.0,Slooh.com Canary One Half Meter Telescope,21,3,58,50,14,40,21.066111,50.244444,0.016,21.066139,50.2445
Gaia21fji,210358p501440_20250822_034522_0_nqaw0g_l_cal.fit,2025-08-22T03:44:21.96,2460909.6558097224,Luminance,50.0,Slooh.com Canary One Half Meter Telescope,21,3,58,50,14,40,21.066111,50.244444,0.016,21.066139,50.2445
Gaia21fji,210358p501440_20250822_034637_1_8a1uas_l_cal.fit,2025-08-22T03:45:37.02,2460909.656678472,Luminance,50.0,Slooh.com Canary One Half Meter Telescope,21,3,58,50,14,40,21.066111,50.244444,0.016,21.066139,50.2445
Gaia21fji,210358p501440_20250822_034757_3_yh34bn_l_cal.fit,2025-08-22T03:46:56.65,2460909.657600116,Luminance,50.0,Slooh.com Canary One Half Meter Telescope,21,3,58,50,14,40,21.066111,50.244444,0.016,21.066139,50.2445
Gaia21fji,210358p501440_20250822_034917_4_jafpag_l_cal.fit,2025-08-22T03:48:17.07,2460909.6585309026,Luminance,50.0,Slooh.com Canary One Half Meter Telescope,21,3,58,50,14,40,21.066111,50.244444,0.016,21.066139,50.2445
Gaia21fji,210358p501440_20250822_035038_5_httmki_l_cal.fit,2025-08-22T03:49:38.02,2460909.6594678243,Luminance,50.0,Slooh.com Canary One Half Meter Telescope,21,3,58,50,14,40,21.066111,50.244444,0.016,21.066139,50.2445
Gaia21fji,210358p501440_20250822_035200_6_gwypqa_l_cal.fit,2025-08-22T03:50:59.78,2460909.66041412,Luminance,50.0,Slooh.com Canary One Half Meter Telescope,21,3,58,50,14,40,21.066111,50.244444,0.016,21.066139,50.2445
BD55 2906,220925p554530_20250915_032536_0_e02o1s_l_cal.fit,2025-09-15T03:24:40.38,2460933.642134028,Clear,50.0,Slooh.com Canary Two Ultra-Wide-Field Telescope,22,9,25,55,45,30,22.156944,55.758333,0.007,22.156944,55.758222
BD55 2906,220925p554530_20250915_032541_0_z93qnl_e_cal.fit,2025-09-15T03:24:44.52,2460933.6421819446,B-Band,45.0,Slooh.com Canary Two Wide-Field Telescope,22,9,25,55,45,30,22.156944,55.758333,0.007,22.156944,55.758222
BD55 2906,220925p554530_20250915_032621_0_yue2ya_r_cal.fit,2025-09-15T03:25:57.13,2460933.643022338,Red,20.0,Slooh.com Canary Two Ultra-Wide-Field Telescope,22,9,25,55,45,30,22.156944,55.758333,0.007,22.156944,55.758222
BD55 2906,220925p554530_20250915_032658_1_5xh92i_v_cal.fit,2025-09-15T03:26:01.16,2460933.6430689814,V-Band,45.0,Slooh.com Canary Two Wide-Field Telescope,22,9,25,55,45,30,22.156944,55.758333,0.007,22.156944,55.758222
BD55 2906,220925p554530_20250915_032700_0_c6r2yd_g_cal.fit,2025-09-15T03:26:36.69,2460933.6434802082,Green,20.0,Slooh.com Canary Two Ultra-Wide-Field Telescope,22,9,25,55,45,30,22.156944,55.758333,0.007,22.156944,55.758222
BD55 2906,220925p554530_20250915_032744_0_enqal3_b_cal.fit,2025-09-15T03:27:20.13,2460933.643982986,Blue,20.0,Slooh.com Canary Two Ultra-Wide-Field Telescope,22,9,25,55,45,30,22.156944,55.758333,0.007,22.156944,55.758222
BD55 2906,220925p554530_20250915_032812_2_fwc4hz_d_cal.fit,2025-09-15T03:27:16.16,2460933.643937037,R-Band,45.0,Slooh.com Canary Two Wide-Field Telescope,22,9,25,55,45,30,22.156944,55.758333,0.007,22.156944,55.758222
IRAS 23226-3843,232524m382649_20250904_104251_1_lsvz9k_v_cal.fit,2025-09-04T10:41:48.57,2460922.9457010417,VBand,45.0,Slooh.com Australia One Half Meter Telescope,23,25,24,-38,26,49,23.423333,-38.446944,0.039,23.423389,-38.446972
